"Global_Index", "x_coord", "y_coord", "Pressure", "Pressure_Coefficient", "Skin_Friction_Coefficient"
275, 6.368597311040070e-01, -4.162026487339388e-02, 1.001850138993374e+00, 1.173167193343750e-01, 2.712691349908055e-03
276, 6.276282525902900e-01, -4.243462858861940e-02, 1.001870185660718e+00, 1.185895205602315e-01, 2.718562123940161e-03
277, 6.183141866275500e-01, -4.324274839564234e-02, 1.001891542377464e+00, 1.199454993266454e-01, 2.724432976189512e-03
278, 6.089230652104620e-01, -4.404353001843556e-02, 1.001914253025930e+00, 1.213874418057623e-01, 2.730302404409323e-03
279, 5.994606211969700e-01, -4.483586085111709e-02, 1.001938364923593e+00, 1.229183522746544e-01, 2.736161987131339e-03
280, 5.899327756923080e-01, -4.561861289428874e-02, 1.001963928799021e+00, 1.245414515871072e-01, 2.742020509196402e-03
281, 5.803456244206100e-01, -4.639064562994082e-02, 1.001990998974535e+00, 1.262601887710591e-01, 2.747864164389431e-03
282, 5.707054231490321e-01, -4.715080946865579e-02, 1.002019633488453e+00, 1.280782487903455e-01, 2.753682484062740e-03
283, 5.610185722295000e-01, -4.789794933213104e-02, 1.002049894500829e+00, 1.299995783054915e-01, 2.759485979479588e-03
284, 5.512916003363530e-01, -4.863090808605761e-02, 1.002081847802501e+00, 1.320283545026002e-01, 2.765241516379121e-03
285, 5.415311474864990e-01, -4.934853080700029e-02, 1.002115562465237e+00, 1.341689628802336e-01, 2.770960093932012e-03
286, 5.317439474301470e-01, -5.004966851411126e-02, 1.002151111616797e+00, 1.364260464596512e-01, 2.776620731124261e-03
287, 5.219368095125050e-01, -5.073318251519467e-02, 1.002188572070287e+00, 1.388044822517900e-01, 2.782199728339867e-03
288, 5.121166001065770e-01, -5.139794887290158e-02, 1.002228023866816e+00, 1.413093522196096e-01, 2.787712303372130e-03
289, 5.022902237254860e-01, -5.204286235180954e-02, 1.002269550161562e+00, 1.439459360443891e-01, 2.793105246953378e-03
290, 4.924646039207970e-01, -5.266684144175821e-02, 1.002313237458529e+00, 1.467197260305245e-01, 2.798380289207769e-03
291, 4.826466640805560e-01, -5.326883253102981e-02, 1.002359175320400e+00, 1.496364086841032e-01, 2.803532028759875e-03
292, 4.728433082391680e-01, -5.384781416072871e-02, 1.002407455166678e+00, 1.527017884039553e-01, 2.808493864096119e-03
293, 4.630614020053360e-01, -5.440280211021307e-02, 1.002458171252763e+00, 1.559218496457466e-01, 2.813300843574134e-03
294, 4.533077537294870e-01, -5.493285287912920e-02, 1.002511420025412e+00, 1.593027159982550e-01, 2.817879832183269e-03
295, 4.435890960039310e-01, -5.543706858920638e-02, 1.002567298666870e+00, 1.628505577481147e-01, 2.822230883652775e-03
296, 4.339120676130220e-01, -5.591460064650605e-02, 1.002625906360217e+00, 1.665716722185340e-01, 2.826321941624136e-03
297, 4.242831960256030e-01, -5.636465361576352e-02, 1.002687343066034e+00, 1.704724060979400e-01, 2.830130130263585e-03
298, 4.147088805266780e-01, -5.678648875377961e-02, 1.002751708447189e+00, 1.745590871722537e-01, 2.833590668692825e-03
299, 4.051953760710730e-01, -5.717942777353959e-02, 1.002819102916843e+00, 1.788380908650274e-01, 2.836740679974978e-03
300, 3.957487779587870e-01, -5.754285488135374e-02, 1.002889626214809e+00, 1.833157498476733e-01, 2.839486563575268e-03
301, 3.863750073740760e-01, -5.787622033036236e-02, 1.002963376946486e+00, 1.879983247653421e-01, 2.841803010279527e-03
302, 3.770797978812900e-01, -5.817904262446177e-02, 1.003040452322289e+00, 1.928919876930885e-01, 2.843690547196148e-03
303, 3.678686829301750e-01, -5.845090990697710e-02, 1.003120947773942e+00, 1.980027977736045e-01, 2.845087518513754e-03
304, 3.587469844042950e-01, -5.869148183384367e-02, 1.003204956734215e+00, 2.033366872318830e-01, 2.845952294278756e-03
305, 3.497198022648570e-01, -5.890049075727950e-02, 1.003292568660398e+00, 2.088993358823503e-01, 2.846241817925933e-03
306, 3.407920053178110e-01, -5.907774237985596e-02, 1.003383871726012e+00, 2.146963420303242e-01, 2.846020697991874e-03
307, 3.319682231339110e-01, -5.922311480334862e-02, 1.003478949620369e+00, 2.207330192701925e-01, 2.845047771478706e-03
308, 3.232528390902350e-01, -5.933656107664884e-02, 1.003577881918460e+00, 2.270144199703309e-01, 2.843483729306205e-03
309, 3.146499846177870e-01, -5.941810610016426e-02, 1.003680742533867e+00, 2.335452370451893e-01, 2.841062450694942e-03
310, 3.061635345664540e-01, -5.946784792894075e-02, 1.003787599295872e+00, 2.403297771055819e-01, 2.838044703759082e-03
311, 2.977971037424850e-01, -5.948595237681027e-02, 1.003898523953997e+00, 2.473725956658616e-01, 2.834475424928019e-03
312, 2.895540445181870e-01, -5.947265120547269e-02, 1.004013576101160e+00, 2.546774763941925e-01, 2.829397008934584e-03
313, 2.814374455823750e-01, -5.942825142657324e-02, 1.004132806181424e+00, 2.622476220806306e-01, 2.823991673756076e-03
314, 2.734501317315010e-01, -5.935311774455410e-02, 1.004256263851831e+00, 2.700861855456161e-01, 2.817422087878349e-03
315, 2.655946646872880e-01, -5.924767842335273e-02, 1.004383989575518e+00, 2.781957358711592e-01, 2.810039676563177e-03
316, 2.578733448481230e-01, -5.911241796041434e-02, 1.004516021629609e+00, 2.865787033448912e-01, 2.801651946730791e-03
317, 2.502882139928040e-01, -5.894787592728060e-02, 1.004652389509789e+00, 2.952369607043567e-01, 2.792067064794324e-03
318, 2.428410589052540e-01, -5.875464540499853e-02, 1.004793114407479e+00, 3.041718534332845e-01, 2.781478613282259e-03
319, 2.355334157097330e-01, -5.853336642986963e-02, 1.004938213025048e+00, 3.133844419970654e-01, 2.769824188191142e-03
320, 2.283665749856950e-01, -5.828472232042683e-02, 1.005087695171580e+00, 3.228753491931345e-01, 2.756932921847359e-03
321, 2.213415876361850e-01, -5.800943743150688e-02, 1.005241562631078e+00, 3.326446882912906e-01, 2.742803789498305e-03
322, 2.144592713403360e-01, -5.770827281676661e-02, 1.005399809320773e+00, 3.426920730848925e-01, 2.727412436667602e-03
323, 2.077202175558890e-01, -5.738202188035686e-02, 1.005562424405154e+00, 3.530168156066970e-01, 2.710841237111668e-03
324, 2.011247989315330e-01, -5.703150512358030e-02, 1.005729388153638e+00, 3.636176631241821e-01, 2.692697083344064e-03
325, 1.946731775047080e-01, -5.665756992593487e-02, 1.005900673187613e+00, 3.744928773169250e-01, 2.673368400967763e-03
326, 1.883653126994450e-01, -5.626108209808330e-02, 1.006076246751448e+00, 3.856403784674267e-01, 2.652485157706946e-03
327, 1.822009702078310e-01, -5.584292546583180e-02, 1.006256066611280e+00, 3.970574850669547e-01, 2.630136955804747e-03
328, 1.761797307773510e-01, -5.540399685008031e-02, 1.006440084119634e+00, 4.087411083943004e-01, 2.606295663021259e-03
329, 1.703009992540400e-01, -5.494520230997531e-02, 1.006628242810126e+00, 4.206876632908161e-01, 2.580843280216005e-03
330, 1.645640139002550e-01, -5.446745448005801e-02, 1.006820477340019e+00, 4.328930010212929e-01, 2.553771847998178e-03
331, 1.589678556741450e-01, -5.397166889254316e-02, 1.007016715646585e+00, 4.453525461853646e-01, 2.525133505973997e-03
332, 1.535114573767690e-01, -5.345875993105773e-02, 1.007216877567657e+00, 4.580612091337798e-01, 2.494725095124823e-03
333, 1.481936133152850e-01, -5.292963965893575e-02, 1.007420873298932e+00, 4.710132880197434e-01, 2.462610758900588e-03
334, 1.430129884302270e-01, -5.238521407848482e-02, 1.007628604941939e+00, 4.842025670822488e-01, 2.428764508567163e-03
335, 1.379681274460720e-01, -5.182638046035423e-02, 1.007839965402849e+00, 4.976222467293479e-01, 2.393121747892143e-03
336, 1.330574640378200e-01, -5.125402533974487e-02, 1.008054837689688e+00, 5.112648989169918e-01, 2.355684073462042e-03
337, 1.282793296795610e-01, -5.066902214524847e-02, 1.008273095972600e+00, 5.251225344671406e-01, 2.316469820789263e-03
338, 1.236319622083540e-01, -5.007222893918521e-02, 1.008494602347615e+00, 5.391863975931409e-01, 2.275314134662480e-03
339, 1.191135151250060e-01, -4.946448834516833e-02, 1.008719208627846e+00, 5.534470796263432e-01, 2.232506572231423e-03
340, 1.147220644565820e-01, -4.884662296676224e-02, 1.008946755526430e+00, 5.678944671393041e-01, 2.187790022102162e-03
341, 1.104556182112870e-01, -4.821943694639060e-02, 1.009177069718930e+00, 5.825175554322050e-01, 2.141344552089037e-03
342, 1.063121233630630e-01, -4.758371320803999e-02, 1.009409965257026e+00, 5.973045382909329e-01, 2.093193511058845e-03
343, 1.022894733944730e-01, -4.694021267187087e-02, 1.009645241594906e+00, 6.122426826784888e-01, 2.043388608982575e-03
344, 9.838551560343448e-02, -4.628967359474944e-02, 1.009882682684405e+00, 6.273182712838962e-01, 1.992035765972232e-03
345, 9.459805783183216e-02, -4.563281073024860e-02, 1.010122056338744e+00, 6.425165621247998e-01, 1.939261204135907e-03
346, 9.092487458410546e-02, -4.497031464160225e-02, 1.010363111839149e+00, 6.578216365870713e-01, 1.885148708933911e-03
347, 8.736371512041483e-02, -4.430285233482104e-02, 1.010605579838251e+00, 6.732163932913605e-01, 1.830003257619761e-03
348, 8.391230598462590e-02, -4.363106518129783e-02, 1.010849171138704e+00, 6.886824705454926e-01, 1.773969048614406e-03
349, 8.056836063629794e-02, -4.295557070633568e-02, 1.011093575746975e+00, 7.042001862674341e-01, 1.717450742572252e-03
207, 9.806085493252490e-01, -2.718011281798061e-03, 1.002597929104606e+00, 1.647953427854453e-01, 2.092477639519588e-03
208, 9.789211302792580e-01, -2.951446198418808e-03, 1.002562555644453e+00, 1.625494141892928e-01, 2.109372240533561e-03
209, 9.771751466664890e-01, -3.192470825092900e-03, 1.002528136257200e+00, 1.603640615050454e-01, 2.125768786248207e-03
210, 9.753687917200690e-01, -3.441283350046040e-03, 1.002494589863441e+00, 1.582341368464234e-01, 2.141691778102895e-03
211, 9.735002196451090e-01, -3.698083649881599e-03, 1.002461852300939e+00, 1.561555664301608e-01, 2.157142472357278e-03
212, 9.715675460812661e-01, -3.963073044857662e-03, 1.002429875240466e+00, 1.541252817413839e-01, 2.172134880851652e-03
213, 9.695688486768370e-01, -4.236453999195831e-03, 1.002398622236237e+00, 1.521409687674543e-01, 2.186692788085078e-03
214, 9.675021678017420e-01, -4.518429822299970e-03, 1.002368064941410e+00, 1.502008277131655e-01, 2.200848303160774e-03
215, 9.653655074033110e-01, -4.809204324888168e-03, 1.002338180591662e+00, 1.483034132281899e-01, 2.214632448238634e-03
216, 9.631568360186920e-01, -5.108981458577545e-03, 1.002308950602768e+00, 1.464475453645585e-01, 2.228071959370181e-03
217, 9.608740879536010e-01, -5.417964935352300e-03, 1.002280359892456e+00, 1.446322665200022e-01, 2.241190928115458e-03
218, 9.585151646336830e-01, -5.736357801147233e-03, 1.002252396517760e+00, 1.428568184127294e-01, 2.254008254167536e-03
219, 9.560779361314430e-01, -6.064361994812915e-03, 1.002225051347783e+00, 1.411206213046981e-01, 2.266539323016873e-03
220, 9.535602429161220e-01, -6.402177880090121e-03, 1.002198317733744e+00, 1.394232530520895e-01, 2.278798683818689e-03
221, 9.509598977819530e-01, -6.750003738418787e-03, 1.002172191191709e+00, 1.377644289612575e-01, 2.290798840498703e-03
222, 9.482746880048850e-01, -7.108035234927211e-03, 1.002146669098303e+00, 1.361439824692879e-01, 2.302550679249844e-03
223, 9.455023777253990e-01, -7.476464858421941e-03, 1.002121750437044e+00, 1.345618490376401e-01, 2.314064255861783e-03
224, 9.426407105822270e-01, -7.855481327107042e-03, 1.002097435594883e+00, 1.330180532346658e-01, 2.325348774067250e-03
225, 9.396874125684220e-01, -8.245268966510694e-03, 1.002073726213799e+00, 1.315126993126796e-01, 2.336413041026796e-03
226, 9.366401951685740e-01, -8.646007049145999e-03, 1.002050625064698e+00, 1.300459632018810e-01, 2.347264317681870e-03
227, 9.334967587575570e-01, -9.057869113770373e-03, 1.002028135938010e+00, 1.286180855638570e-01, 2.357909889755431e-03
228, 9.302547962764830e-01, -9.481022247350132e-03, 1.002006263548102e+00, 1.272293657228294e-01, 2.368356170464449e-03
229, 9.269119971968330e-01, -9.915626340390895e-03, 1.001985013464628e+00, 1.258801573067100e-01, 2.378609217911306e-03
230, 9.234660517702999e-01, -1.036183331256595e-02, 1.001964392048192e+00, 1.245708641623929e-01, 2.388674719292677e-03
231, 9.199146555999830e-01, -1.081978630643636e-02, 1.001944406362862e+00, 1.233019348011276e-01, 2.398557628193234e-03
232, 9.162555145009680e-01, -1.128961886009035e-02, 1.001925064130243e+00, 1.220738594823686e-01, 2.408263176151493e-03
233, 9.124863496792260e-01, -1.177145404520004e-02, 1.001906373662404e+00, 1.208871659552802e-01, 2.417795257170368e-03
234, 9.086049032279730e-01, -1.226540359178139e-02, 1.001888343797421e+00, 1.197424153660906e-01, 2.427158908895733e-03
235, 9.046089439484650e-01, -1.277156697172146e-02, 1.001870983843770e+00, 1.186401987278731e-01, 2.436357734128208e-03
236, 9.004962734807360e-01, -1.329003047580013e-02, 1.001854303510835e+00, 1.175811325078609e-01, 2.445395538217917e-03
237, 8.962647327563030e-01, -1.382086626549480e-02, 1.001838312854550e+00, 1.165658551765858e-01, 2.454275919691135e-03
238, 8.919122087664410e-01, -1.436413140679768e-02, 1.001823022227959e+00, 1.155950240685701e-01, 2.463002614202154e-03
239, 8.874366416441960e-01, -1.491986688391289e-02, 1.001808442244499e+00, 1.146693130512019e-01, 2.471579440890855e-03
240, 8.828360320456839e-01, -1.548809659764239e-02, 1.001794583713423e+00, 1.137894084247022e-01, 2.480008444840938e-03
241, 8.781084488119389e-01, -1.606882637554761e-02, 1.001781457584254e+00, 1.129560053951059e-01, 2.488294159412591e-03
242, 8.732520369379220e-01, -1.666204293780597e-02, 1.001769074925309e+00, 1.121698067111092e-01, 2.496439813071747e-03
243, 8.682650257749110e-01, -1.726771287742553e-02, 1.001757446852256e+00, 1.114315181276308e-01, 2.504447333317924e-03
244, 8.631457374960591e-01, -1.788578165295289e-02, 1.001746584491803e+00, 1.107418461006712e-01, 2.512321777452657e-03
245, 8.578925957790550e-01, -1.851617254213506e-02, 1.001736498955702e+00, 1.101014961366712e-01, 2.520065215814478e-03
246, 8.525041346896460e-01, -1.915878563887750e-02, 1.001727201285135e+00, 1.095111692612650e-01, 2.527681249485876e-03
247, 8.469790077255021e-01, -1.981349683969546e-02, 1.001718702437303e+00, 1.089715611681386e-01, 2.535173836211416e-03
248, 8.413159970120960e-01, -2.048015683562499e-02, 1.001711013257915e+00, 1.084833604720439e-01, 2.542545891315657e-03
249, 8.355140225863250e-01, -2.115859013629627e-02, 1.001704144474104e+00, 1.080472482592546e-01, 2.549802117170495e-03
250, 8.295721517532200e-01, -2.184859409030840e-02, 1.001698106677820e+00, 1.076638970328214e-01, 2.556944782126783e-03
251, 8.234896084539240e-01, -2.254993796502777e-02, 1.001692910314204e+00, 1.073339699747654e-01, 2.563979112944547e-03
252, 8.172657826166300e-01, -2.326236201353585e-02, 1.001688565704693e+00, 1.070581224128521e-01, 2.570909002198263e-03
253, 8.109002394283870e-01, -2.398557659484225e-02, 1.001685083072491e+00, 1.068370034378334e-01, 2.577739020265956e-03
254, 8.043927284804649e-01, -2.471926132528821e-02, 1.001682472523273e+00, 1.066712546782717e-01, 2.584471287346371e-03
255, 7.977431927271550e-01, -2.546306430877410e-02, 1.001680744128775e+00, 1.065615156080422e-01, 2.591115437495657e-03
256, 7.909517772165610e-01, -2.621660130830753e-02, 1.001679907970567e+00, 1.065084263252386e-01, 2.597670448550741e-03
257, 7.840188375019090e-01, -2.697945512970244e-02, 1.001679974151849e+00, 1.065126283013432e-01, 2.604145176801146e-03
258, 7.769449477048480e-01, -2.775117492280826e-02, 1.001680952926594e+00, 1.065747725806303e-01, 2.610543501348400e-03
259, 7.697309081434870e-01, -2.853127562179953e-02, 1.001682854750527e+00, 1.066955230172029e-01, 2.616870203602617e-03
260, 7.623777524675190e-01, -2.931923744885270e-02, 1.001685690377527e+00, 1.068755623953442e-01, 2.623131242653572e-03
261, 7.548867542360230e-01, -3.011450548229472e-02, 1.001689471020005e+00, 1.071156026123608e-01, 2.629333305665604e-03
262, 7.472594328699030e-01, -3.091648930628510e-02, 1.001694208391521e+00, 1.074163873847427e-01, 2.635476643849445e-03
263, 7.394975589091980e-01, -3.172456285259752e-02, 1.001699914887769e+00, 1.077787037385848e-01, 2.641574961932086e-03
264, 7.316031585245610e-01, -3.253806414443636e-02, 1.001706603771941e+00, 1.082033937795014e-01, 2.647626655787007e-03
265, 7.235785172006580e-01, -3.335629538946504e-02, 1.001714289247507e+00, 1.086913593128493e-01, 2.653640163881333e-03
266, 7.154261825498690e-01, -3.417852304597178e-02, 1.001722986674366e+00, 1.092435755679258e-01, 2.659620378690168e-03
267, 7.071489661900900e-01, -3.500397807030536e-02, 1.001732712733175e+00, 1.098611016316161e-01, 2.665573111356354e-03
268, 6.987499446352849e-01, -3.583185629664898e-02, 1.001743485639159e+00, 1.105450940233214e-01, 2.671503390464875e-03
269, 6.902324591553850e-01, -3.666131898713342e-02, 1.001755325205616e+00, 1.112968107272373e-01, 2.677410881866980e-03
270, 6.816001145580280e-01, -3.749149362242028e-02, 1.001768253170123e+00, 1.121176319036944e-01, 2.683310928399666e-03
271, 6.728567768624369e-01, -3.832147462183642e-02, 1.001782293379758e+00, 1.130090716491759e-01, 2.689192885437906e-03
272, 6.640065698311099e-01, -3.915032464739417e-02, 1.001797471993849e+00, 1.139727908694470e-01, 2.695074488588303e-03
273, 6.550538703431200e-01, -3.997707566021776e-02, 1.001813817768580e+00, 1.150106153496133e-01, 2.700948272760910e-03
274, 6.460033025913720e-01, -4.080073056778152e-02, 1.001831362054180e+00, 1.161245355756687e-01, 2.706819969765514e-03
192, 1.000000000000000e+00, 5.352202629500000e-08, 1.003169357236181e+00, 2.010764070585809e-01, 4.303421591117533e-05
193, 9.990009933457160e-01, -1.415916575292282e-04, 1.003478321772547e+00, 2.206931560119676e-01, 1.768092029474556e-03
194, 9.979658291430820e-01, -2.881794857271442e-04, 1.003343246019797e+00, 2.121169382927798e-01, 2.046607588596494e-03
195, 9.968932772885490e-01, -4.398586638588618e-04, 1.003219896026178e+00, 2.042852114328539e-01, 2.035317330691813e-03
196, 9.957820729228830e-01, -5.967886532841323e-04, 1.003118898147177e+00, 1.978726630526847e-01, 1.980041506542807e-03
197, 9.946309145593470e-01, -7.591305470417242e-04, 1.003038894289235e+00, 1.927930651965630e-01, 1.930260686523459e-03
198, 9.934384637941019e-01, -9.270488597400344e-04, 1.002975532159969e+00, 1.887700825022273e-01, 1.906778997601754e-03
199, 9.922033447911550e-01, -1.100711481734587e-03, 1.002923061590899e+00, 1.854386257823214e-01, 1.910365283113919e-03
200, 9.909241437988340e-01, -1.280289614488857e-03, 1.002876657021543e+00, 1.824923109785566e-01, 1.931607389926260e-03
201, 9.895994087262190e-01, -1.465957716968706e-03, 1.002833229845695e+00, 1.797350365794124e-01, 1.959997898557642e-03
202, 9.882276487590520e-01, -1.657893415929766e-03, 1.002791306666379e+00, 1.770732537947201e-01, 1.988515831206614e-03
203, 9.868073340184690e-01, -1.856277410554656e-03, 1.002750431961496e+00, 1.744780406558266e-01, 2.014157035584238e-03
204, 9.853368952903420e-01, -2.061293361678059e-03, 1.002710598064301e+00, 1.719489103863946e-01, 2.036576201997726e-03
205, 9.838147238361660e-01, -2.273127772284692e-03, 1.002671891575526e+00, 1.694913614323900e-01, 2.056549294820365e-03
206, 9.822391712272380e-01, -2.491969834944034e-03, 1.002634347594239e+00, 1.671076223007891e-01, 2.074974660210086e-03
529, 3.617131196769410e-02, 3.072482080251355e-02, 9.498334938526943e-01, -3.185319502685183e+00, 1.136231282590569e-02
530, 3.796391187352444e-02, 3.138796897490091e-02, 9.508647034978994e-01, -3.119846031308098e+00, 1.109764255586187e-02
531, 3.982478786898763e-02, 3.205468485309415e-02, 9.518749067947426e-01, -3.055706293139002e+00, 1.084150045123692e-02
532, 4.175587666597640e-02, 3.272472343714138e-02, 9.528640836612420e-01, -2.992901563221315e+00, 1.059522212632450e-02
533, 4.375915308036418e-02, 3.339782492640649e-02, 9.538323415070777e-01, -2.931425021909138e+00, 1.035841164957344e-02
534, 4.583663031498252e-02, 3.407371339511025e-02, 9.547798975983862e-01, -2.871262874560206e+00, 1.012946742308127e-02
535, 4.799035594217411e-02, 3.475209711029221e-02, 9.557070109303377e-01, -2.812398677076126e+00, 9.909004711585356e-03
536, 5.022241269281980e-02, 3.543266689313175e-02, 9.566139843882525e-01, -2.754813198688994e+00, 9.696089884274173e-03
537, 5.253491496601500e-02, 3.611509604021949e-02, 9.575011496195704e-01, -2.698485382468959e+00, 9.490052334543222e-03
538, 5.493000569713665e-02, 3.679903989336144e-02, 9.583688392373331e-01, -2.643394110178273e+00, 9.291095091606803e-03
539, 5.740985659880789e-02, 3.748413424782385e-02, 9.592174122680609e-01, -2.589516586536924e+00, 9.100030060633623e-03
540, 5.997667081468780e-02, 3.816999333895075e-02, 9.600473042269470e-01, -2.536825159852884e+00, 8.913596442729339e-03
541, 6.263266819331514e-02, 3.885621247341233e-02, 9.608589100436031e-01, -2.485294755290245e+00, 8.734616694350867e-03
542, 6.538009589379461e-02, 3.954236389553951e-02, 9.616526534355041e-01, -2.434898470216667e+00, 8.560898208017604e-03
543, 6.822121739123001e-02, 4.022799830375296e-02, 9.624289842461833e-01, -2.385607743206406e+00, 8.392627465301478e-03
544, 7.115831019507564e-02, 4.091264364582575e-02, 9.631883343610943e-01, -2.337395153026525e+00, 8.229853165983632e-03
545, 7.419366526299287e-02, 4.159580435188735e-02, 9.639311498519327e-01, -2.290232377732475e+00, 8.072007436548453e-03
546, 7.732958126964475e-02, 4.227696117640378e-02, 9.646578819975163e-01, -2.244090764769562e+00, 7.918927969324027e-03
547, 8.056836063930635e-02, 4.295557070695468e-02, 9.653689812954908e-01, -2.198941711181207e+00, 7.770404769627141e-03
548, 8.391230598775640e-02, 4.363106518191866e-02, 9.660648931681998e-01, -2.154756936251444e+00, 7.626166462888791e-03
549, 8.736371512366954e-02, 4.430285233544278e-02, 9.667460593474018e-01, -2.111508393586630e+00, 7.486126907741482e-03
550, 9.092487458748623e-02, 4.497031464222394e-02, 9.674129242146140e-01, -2.069167868554865e+00, 7.349838954655443e-03
551, 9.459805783534006e-02, 4.563281073086911e-02, 9.680659183509365e-01, -2.027708022739118e+00, 7.217474276852221e-03
552, 9.838551560707631e-02, 4.628967359536866e-02, 9.687054687083922e-01, -1.987101748139391e+00, 7.088490030044668e-03
553, 1.022894733982520e-01, 4.694021267248803e-02, 9.693319994788795e-01, -1.947322112001289e+00, 6.962923925058871e-03
554, 1.063121233669820e-01, 4.758371320865407e-02, 9.699459186834920e-01, -1.908343208285696e+00, 6.840574336947855e-03
555, 1.104556182153550e-01, 4.821943694700178e-02, 9.705476278650432e-01, -1.870139542271897e+00, 6.721245901604049e-03
556, 1.147220644607960e-01, 4.884662296736836e-02, 9.711375244868293e-01, -1.832685878255527e+00, 6.604834591152851e-03
557, 1.191135151293670e-01, 4.946448834576839e-02, 9.717159882814416e-01, -1.795958106288565e+00, 6.491279652936588e-03
558, 1.236319622128720e-01, 5.007222893977906e-02, 9.722833949329315e-01, -1.759932373472515e+00, 6.380078414560248e-03
559, 1.282793296842340e-01, 5.066902214583455e-02, 9.728401050865370e-01, -1.724585781751904e+00, 6.271760935887876e-03
560, 1.330574640426540e-01, 5.125402534032247e-02, 9.733864664924137e-01, -1.689896251804675e+00, 6.165552049197932e-03
561, 1.379681274510720e-01, 5.182638046092251e-02, 9.739228235640628e-01, -1.655841916159345e+00, 6.061722928843205e-03
562, 1.430129884353940e-01, 5.238521407904258e-02, 9.744494989631058e-01, -1.622402288412844e+00, 5.960080562730109e-03
563, 1.481936133206220e-01, 5.292963965948169e-02, 9.749668068060102e-01, -1.589557424710269e+00, 5.860482161222326e-03
564, 1.535114573822800e-01, 5.345875993159088e-02, 9.754750545491125e-01, -1.557287804061153e+00, 5.762909942265855e-03
565, 1.589678556798330e-01, 5.397166889306240e-02, 9.759745266228763e-01, -1.525575367431721e+00, 5.667274614550028e-03
566, 1.645640139061220e-01, 5.446745448056218e-02, 9.764655086137710e-01, -1.494401982391170e+00, 5.573306491683840e-03
567, 1.703009992600900e-01, 5.494520231046324e-02, 9.769482593381134e-01, -1.463751216196863e+00, 5.481235701592139e-03
568, 1.761797307835840e-01, 5.540399685055070e-02, 9.774230332433523e-01, -1.433606913493925e+00, 5.390819284968709e-03
569, 1.822009702142510e-01, 5.584292546628358e-02, 9.778900736311936e-01, -1.403953626592029e+00, 5.301944141878590e-03
570, 1.883653127060570e-01, 5.626108209851536e-02, 9.783496044657384e-01, -1.374777135582318e+00, 5.214676780954657e-03
571, 1.946731775115090e-01, 5.665756992634570e-02, 9.788018453595034e-01, -1.346063496846341e+00, 5.128937664632637e-03
572, 2.011247989385280e-01, 5.703150512396883e-02, 9.792469951071128e-01, -1.317800088533456e+00, 5.044446005922357e-03
573, 2.077202175630770e-01, 5.738202188072184e-02, 9.796852484145735e-01, -1.289974548387121e+00, 4.961692328428966e-03
574, 2.144592713477200e-01, 5.770827281710689e-02, 9.801167795273769e-01, -1.262575813228051e+00, 4.879933197048414e-03
575, 2.213415876437670e-01, 5.800943743182125e-02, 9.805417632337950e-01, -1.235592785414763e+00, 4.799686528218817e-03
576, 2.283665749934740e-01, 5.828472232071416e-02, 9.809603454785051e-01, -1.209016198640764e+00, 4.720703796953935e-03
577, 2.355334157177100e-01, 5.853336643012871e-02, 9.813726812397795e-01, -1.182836213039311e+00, 4.642937571613681e-03
578, 2.428410589134270e-01, 5.875464540522825e-02, 9.817788968104448e-01, -1.157044810037457e+00, 4.566292681460103e-03
579, 2.502882140011760e-01, 5.894787592747999e-02, 9.821791217087746e-01, -1.131633766272460e+00, 4.490917877755456e-03
580, 2.578733448566950e-01, 5.911241796058234e-02, 9.825734608208649e-01, -1.106596422325610e+00, 4.416818144033948e-03
581, 2.655946646960530e-01, 5.924767842348828e-02, 9.829620289308382e-01, -1.081925490333580e+00, 4.343648160297580e-03
582, 2.734501317404630e-01, 5.935311774465631e-02, 9.833449121896543e-01, -1.057615500407260e+00, 4.271595215238394e-03
583, 2.814374455915320e-01, 5.942825142664121e-02, 9.837221991904527e-01, -1.033660827598891e+00, 4.200841363400940e-03
584, 2.895540445275380e-01, 5.947265120550563e-02, 9.840939663829255e-01, -1.010056617971406e+00, 4.130823412610117e-03
585, 2.977971037520240e-01, 5.948595237680929e-02, 9.844602866196094e-01, -9.867982459779959e-01, 4.062609285416573e-03
586, 3.061635345761830e-01, 5.946784792890163e-02, 9.848212298282748e-01, -9.638812717708660e-01, 3.994577721119873e-03
587, 3.146499846276990e-01, 5.941810610008812e-02, 9.851768509236373e-01, -9.413022087097642e-01, 3.927920600489512e-03
588, 3.232528391003260e-01, 5.933656107653527e-02, 9.855271955170213e-01, -9.190581608445190e-01, 3.862486321547719e-03
589, 3.319682231441800e-01, 5.922311480319708e-02, 9.858723102544924e-01, -8.971461665272707e-01, 3.797896648293910e-03
590, 3.407920053282550e-01, 5.907774237966616e-02, 9.862122461365439e-01, -8.755629876392216e-01, 3.734436641062904e-03
591, 3.497198022754690e-01, 5.890049075705121e-02, 9.865470368535115e-01, -8.543064851165614e-01, 3.671847676183632e-03
592, 3.587469844150750e-01, 5.869148183357661e-02, 9.868767213065165e-01, -8.333741890527504e-01, 3.610369120116775e-03
593, 3.678686829411110e-01, 5.845090990667137e-02, 9.872013327230273e-01, -8.127639897723009e-01, 3.549867986788409e-03
594, 3.770797978923800e-01, 5.817904262411734e-02, 9.875209004083725e-01, -7.924740266239008e-01, 3.490346799728196e-03
595, 3.863750073853100e-01, 5.787622032997947e-02, 9.878354607157460e-01, -7.725019914737717e-01, 3.431803947106851e-03
596, 3.957487779701630e-01, 5.754285488093251e-02, 9.881450394512749e-01, -7.528462458415921e-01, 3.374261794614355e-03
597, 4.051953760825830e-01, 5.717942777308037e-02, 9.884496682984588e-01, -7.335047780813998e-01, 3.317671615052786e-03
598, 4.147088805383200e-01, 5.678648875328256e-02, 9.887493814313788e-01, -7.144754184154799e-01, 3.262016499384844e-03
599, 4.242831960373610e-01, 5.636465361522956e-02, 9.890442056472308e-01, -6.957564654386384e-01, 3.207354336771893e-03
600, 4.339120676248920e-01, 5.591460064593561e-02, 9.893341773965839e-01, -6.773456048345794e-01, 3.153598254536216e-03
601, 4.435890960159080e-01, 5.543706858860007e-02, 9.896193336321470e-01, -6.592404904051784e-01, 3.100776365039730e-03
602, 4.533077537415610e-01, 5.493285287848778e-02, 9.898997078549749e-01, -6.414389951044399e-01, 3.048869083615710e-03
603, 4.630614020174900e-01, 5.440280210953791e-02, 9.901753428720407e-01, -6.239384010358241e-01, 2.997867375018821e-03
604, 4.728433082514070e-01, 5.384781416001998e-02, 9.904462832151943e-01, -6.067358807870522e-01, 2.947730091164137e-03
605, 4.826466640928620e-01, 5.326883253028900e-02, 9.907125715970772e-01, -5.898287224508958e-01, 2.898491816562060e-03
606, 4.924646039331600e-01, 5.266684144098649e-02, 9.909742586583383e-01, -5.732137107557430e-01, 2.850075401986732e-03
607, 5.022902237378990e-01, 5.204286235100794e-02, 9.912313989441205e-01, -5.568873825262338e-01, 2.802509208713872e-03
608, 5.121166001190330e-01, 5.139794887207108e-02, 9.914840468508967e-01, -5.408462840263201e-01, 2.755759322908479e-03
609, 5.219368095249840e-01, 5.073318251433728e-02, 9.917322609541234e-01, -5.250866961883255e-01, 2.709785735490242e-03
610, 5.317439474426470e-01, 5.004966851322778e-02, 9.919761056634513e-01, -5.096045295204021e-01, 2.664602536305602e-03
611, 5.415311474990160e-01, 4.934853080609167e-02, 9.922156477610388e-01, -4.943955438956786e-01, 2.620158241297749e-03
612, 5.512916003488870e-01, 4.863090808512447e-02, 9.924509549419199e-01, -4.794554412270489e-01, 2.576439760644263e-03
613, 5.610185722420040e-01, 4.789794933117766e-02, 9.926820992289359e-01, -4.647796486466684e-01, 2.533431043373854e-03
614, 5.707054231615170e-01, 4.715080946768199e-02, 9.929091568818667e-01, -4.503633242753498e-01, 2.491087342508060e-03
615, 5.803456244330870e-01, 4.639064562894639e-02, 9.931322058761461e-01, -4.362015173037502e-01, 2.449405728173253e-03
616, 5.899327757047460e-01, 4.561861289327686e-02, 9.933513253115602e-01, -4.222892055352798e-01, 2.408344070566338e-03
617, 5.994606212093599e-01, 4.483586085008937e-02, 9.935665961920893e-01, -4.086212458723951e-01, 2.367880028817409e-03
618, 6.089230652227910e-01, 4.404353001739358e-02, 9.937781027381198e-01, -3.951922910017861e-01, 2.327994706656998e-03
619, 6.183141866398230e-01, 4.324274839458657e-02, 9.939859299311120e-01, -3.819969452881155e-01, 2.288650586441860e-03
620, 6.276282526025000e-01, 4.243462858755100e-02, 9.941901636005137e-01, -3.690297592556868e-01, 2.249826385658223e-03
621, 6.368597311161370e-01, 4.162026487231515e-02, 9.943908895515120e-01, -3.562852849691694e-01, 2.211495911018506e-03
622, 6.460033026034030e-01, 4.080073056669482e-02, 9.945881934665304e-01, -3.437580822877270e-01, 2.173631947839063e-03
623, 6.550538703550450e-01, 3.997707565912445e-02, 9.947821620574936e-01, -3.314426457055202e-01, 2.136209131748449e-03
624, 6.640065698429310e-01, 3.915032464629472e-02, 9.949728812515375e-01, -3.193335195444568e-01, 2.099201710509873e-03
625, 6.728567768741490e-01, 3.832147462073197e-02, 9.951604356955153e-01, -3.074253294140378e-01, 2.062582187186866e-03
626, 6.816001145696030e-01, 3.749149362131417e-02, 9.953449087138387e-01, -2.957127848880949e-01, 2.026334653794037e-03
627, 6.902324591668491e-01, 3.666131898602387e-02, 9.955263820262262e-01, -2.841906974255167e-01, 1.990424871973364e-03
628, 6.987499446466160e-01, 3.583185629553873e-02, 9.957049350708341e-01, -2.728540233459201e-01, 1.954841883197573e-03
629, 7.071489662012650e-01, 3.500397806919738e-02, 9.958806450690028e-01, -2.616978597188108e-01, 1.919556075764816e-03
630, 7.154261825609159e-01, 3.417852304486385e-02, 9.960535869452072e-01, -2.507174494460599e-01, 1.884551173170995e-03
631, 7.235785172115360e-01, 3.335629538836179e-02, 9.962238325735768e-01, -2.399082291018135e-01, 1.849808405773521e-03
632, 7.316031585352730e-01, 3.253806414333830e-02, 9.963914507319217e-01, -2.292658318514560e-01, 1.815309984274735e-03
633, 7.394975589197500e-01, 3.172456285150456e-02, 9.965565063706463e-01, -2.187861338696628e-01, 1.781040354708016e-03
634, 7.472594328802760e-01, 3.091648930519984e-02, 9.967190603756350e-01, -2.084652693952632e-01, 1.746983033982654e-03
635, 7.548867542462250e-01, 3.011450548121670e-02, 9.968791702509371e-01, -1.982995873862498e-01, 1.713129841858086e-03
636, 7.623777524775640e-01, 2.931923744778128e-02, 9.970368896711286e-01, -1.882856799412080e-01, 1.679463771711939e-03
637, 7.697309081533430e-01, 2.853127562073851e-02, 9.971922680208287e-01, -1.784204115362682e-01, 1.645978613993942e-03
638, 7.769449477145119e-01, 2.775117492175853e-02, 9.973453503069458e-01, -1.687009245967978e-01, 1.612665501364562e-03
639, 7.840188375114100e-01, 2.697945512866143e-02, 9.974961771734073e-01, -1.591246385621585e-01, 1.579517656234258e-03
640, 7.909517772258660e-01, 2.621660130727932e-02, 9.976447848568335e-01, -1.496892527000691e-01, 1.546530725580733e-03
641, 7.977431927362419e-01, 2.546306430776172e-02, 9.977912051867029e-01, -1.403927460960954e-01, 1.513702483416394e-03
642, 8.043927284893690e-01, 2.471926132428823e-02, 9.979354656283609e-01, -1.312333749229735e-01, 1.481029360058205e-03
643, 8.109002394370680e-01, 2.398557659385968e-02, 9.980775893032543e-01, -1.222096711558415e-01, 1.448515321854306e-03
644, 8.172657826251279e-01, 2.326236201256679e-02, 9.982175951043430e-01, -1.133204352445667e-01, 1.416159552433728e-03
645, 8.234896084622220e-01, 2.254993796407432e-02, 9.983554978177783e-01, -1.045647283881482e-01, 1.383967207483140e-03
646, 8.295721517613170e-01, 2.184859408937147e-02, 9.984913082572561e-01, -9.594186400436225e-02, 1.351943536088692e-03
647, 8.355140225942480e-01, 2.115859013537303e-02, 9.986250334736236e-01, -8.745139442143385e-02, 1.320095569947200e-03
648, 8.413159970197970e-01, 2.048015683472137e-02, 9.987566769684117e-01, -7.909309732048420e-02, 1.288431019885119e-03
649, 8.469790077330090e-01, 1.981349683880877e-02, 9.988862389296792e-01, -7.086696076130122e-02, 1.256960501309379e-03
650, 8.525041346969320e-01, 1.915878563801130e-02, 9.990137165072918e-01, -6.277316570435540e-02, 1.225694581399591e-03
651, 8.578925957861721e-01, 1.851617254128358e-02, 9.991391041069938e-01, -5.481206733962828e-02, 1.194645873578468e-03
652, 8.631457375029460e-01, 1.788578165212381e-02, 9.992623937027937e-01, -4.698417525267014e-02, 1.163827532165895e-03
653, 8.682650257816130e-01, 1.726771287661389e-02, 9.993835751781979e-01, -3.929013175899146e-02, 1.133253856388060e-03
654, 8.732520369444300e-01, 1.666204293701322e-02, 9.995026366837332e-01, -3.173068920429298e-02, 1.102940676114615e-03
655, 8.781084488182470e-01, 1.606882637477489e-02, 9.996195650450973e-01, -2.430668405020943e-02, 1.072903099764065e-03
656, 8.828360320518041e-01, 1.548809659688852e-02, 9.997343461898687e-01, -1.701900978168307e-02, 1.043158147712969e-03
657, 8.874366416501390e-01, 1.491986688317691e-02, 9.998469656135697e-01, -9.868587315721069e-03, 1.013722468882743e-03
658, 8.919122087722000e-01, 1.436413140608066e-02, 9.999574088992449e-01, -2.856332012378089e-03, 9.846121290024458e-04
659, 8.962647327618720e-01, 1.382086626479801e-02, 1.000065662246985e+00, 4.016879945754473e-03, 9.558439341881585e-04
660, 9.004962734861121e-01, 1.329003047512407e-02, 1.000171713020900e+00, 1.075024628175606e-02, 9.274333253591689e-04
661, 9.046089439536440e-01, 1.277156697106701e-02, 1.000275550286588e+00, 1.734307274972427e-02, 8.993948994549038e-04
662, 9.086049032329651e-01, 1.226540359114749e-02, 1.000377165259633e+00, 2.379480161019321e-02, 8.717422612192306e-04
663, 9.124863496840320e-01, 1.177145404458694e-02, 1.000476551678201e+00, 3.010503528730104e-02, 8.444877868705428e-04
664, 9.162555145056280e-01, 1.128961885949327e-02, 1.000573706059986e+00, 3.627355268295315e-02, 8.176427696139593e-04
665, 9.199146556044410e-01, 1.081978630586274e-02, 1.000668627771750e+00, 4.230031359150944e-02, 7.912169654413996e-04
666, 9.234660517745920e-01, 1.036183331201132e-02, 1.000761318981319e+00, 4.818545565239506e-02, 7.652196814232487e-04
667, 9.269119972009700e-01, 9.915626339854223e-03, 1.000851784508088e+00, 5.392928485825910e-02, 7.396591288045312e-04
668, 9.302547962804840e-01, 9.481022246828921e-03, 1.000940031572697e+00, 5.953225966138406e-02, 7.145431560297291e-04
669, 9.334967587613660e-01, 9.057869113272223e-03, 1.001026069566831e+00, 6.499497635770178e-02, 6.898790356098092e-04
670, 9.366401951722300e-01, 8.646007048666101e-03, 1.001109909859719e+00, 7.031815680135566e-02, 6.656736272336439e-04
671, 9.396874125718940e-01, 8.245268966053270e-03, 1.001191565684826e+00, 7.550264121031763e-02, 6.419333219488733e-04
672, 9.426407105856069e-01, 7.855481326660181e-03, 1.001271052139245e+00, 8.054938812783007e-02, 6.186637582373513e-04
673, 9.455023777285950e-01, 7.476464857997998e-03, 1.001348386273938e+00, 8.545948015210142e-02, 5.958698745218104e-04
674, 9.482746880079280e-01, 7.108035234522185e-03, 1.001423587262503e+00, 9.023413465157529e-02, 5.735552605073393e-04
675, 9.509598977848890e-01, 6.750003738026632e-03, 1.001496676608064e+00, 9.487471690055017e-02, 5.517222659538588e-04
676, 9.535602429188660e-01, 6.402177879722490e-03, 1.001567678349161e+00, 9.938275315203482e-02, 5.303716749614861e-04
677, 9.560779361340690e-01, 6.064361994459999e-03, 1.001636619232432e+00, 1.037599416010722e-01, 5.095025023201145e-04
678, 9.585151646361750e-01, 5.736357800811276e-03, 1.001703528820886e+00, 1.080081592597172e-01, 4.891115848855538e-04
679, 9.608740879559380e-01, 5.417964935036411e-03, 1.001768439521695e+00, 1.121294637211666e-01, 4.691932446600002e-04
680, 9.631568360209350e-01, 5.108981458273515e-03, 1.001831386527844e+00, 1.161260894553446e-01, 4.497392668545165e-04
681, 9.653655074054240e-01, 4.809204324600983e-03, 1.001892407699446e+00, 1.200004402731782e-01, 4.307381363370489e-04
682, 9.675021678037270e-01, 4.518429822029544e-03, 1.001951543429193e+00, 1.237550807839627e-01, 4.121750352895437e-04
683, 9.695688486786780e-01, 4.236453998944307e-03, 1.002008836548849e+00, 1.273927304581144e-01, 3.940336832330261e-04
684, 9.715675460830290e-01, 3.963073044616243e-03, 1.002064332365845e+00, 1.309162659511759e-01, 3.762988676675009e-04
685, 9.735002196467560e-01, 3.698083649655423e-03, 1.002118078907470e+00, 1.343287366074120e-01, 3.589615383768229e-04
686, 9.753687917215980e-01, 3.441283349835714e-03, 1.002170127395605e+00, 1.376333946020325e-01, 3.420252403985783e-04
687, 9.771751466679101e-01, 3.192470824896831e-03, 1.002220532920747e+00, 1.408337377359080e-01, 3.255078527401202e-04
688, 9.789211302805760e-01, 2.951446198236615e-03, 1.002269355110093e+00, 1.439335518537698e-01, 3.094342115420789e-04
689, 9.806085493264430e-01, 2.718011281632605e-03, 1.002316658455365e+00, 1.469369316583682e-01, 2.938059618814797e-04
690, 9.822391712283960e-01, 2.491969834783358e-03, 1.002362511799237e+00, 1.498482481026299e-01, 2.785466545713381e-04
691, 9.838147238371970e-01, 2.273127772141314e-03, 1.002406986400527e+00, 1.526720255450515e-01, 2.634226960726218e-04
692, 9.853368952912690e-01, 2.061293361548887e-03, 1.002450152072354e+00, 1.554126965540699e-01, 2.479697635727150e-04
693, 9.868073340192970e-01, 1.856277410439139e-03, 1.002492071062100e+00, 1.580742133349536e-01, 2.314795264673550e-04
694, 9.882276487598231e-01, 1.657893415821940e-03, 1.002532789737167e+00, 1.606595198426185e-01, 2.131235174599570e-04
695, 9.895994087268640e-01, 1.465957716878406e-03, 1.002572328602630e+00, 1.631699179835091e-01, 1.923048974894199e-04
696, 9.909241437994040e-01, 1.280289614408968e-03, 1.002610670252536e+00, 1.656043026203223e-01, 1.693156409767170e-04
697, 9.922033447916569e-01, 1.100711481664068e-03, 1.002647746058454e+00, 1.679583164029316e-01, 1.463745688942097e-04
698, 9.934384637945120e-01, 9.270488596823588e-04, 1.002683400598318e+00, 1.702220912871954e-01, 1.291250510980573e-04
699, 9.946309145596840e-01, 7.591305469942256e-04, 1.002717379821647e+00, 1.723794971225597e-01, 1.287722778920885e-04
700, 9.957820729231800e-01, 5.967886532421940e-04, 1.002748990140543e+00, 1.743864966876626e-01, 1.648920305891455e-04
701, 9.968932772887410e-01, 4.398586638317120e-04, 1.002777352855145e+00, 1.761872996488761e-01, 2.698413583679439e-04
702, 9.979658291431760e-01, 2.881794857138566e-04, 1.002797200117661e+00, 1.774474402810997e-01, 4.990834118248250e-04
703, 9.990009933457720e-01, 1.415916575212275e-04, 1.002812154151927e+00, 1.783969004990333e-01, 1.056032132139058e-03
350, 7.732958126675092e-02, -4.227696117578635e-02, 1.011338463034394e+00, 7.197485482111065e-01, 1.660841717388927e-03
351, 7.419366526021026e-02, -4.159580435127203e-02, 1.011583480193321e+00, 7.353051559450512e-01, 1.604657458242085e-03
352, 7.115831019240228e-02, -4.091264364521334e-02, 1.011828250253010e+00, 7.508460748760847e-01, 1.549428176350427e-03
353, 6.822121738866474e-02, -4.022799830314446e-02, 1.012072368079124e+00, 7.663455822507850e-01, 1.495640571432166e-03
354, 6.538009589133059e-02, -3.954236389493454e-02, 1.012315396417294e+00, 7.817759159534798e-01, 1.443745969238598e-03
355, 6.263266819094854e-02, -3.885621247281111e-02, 1.012556860283046e+00, 7.971069183121394e-01, 1.393881552252314e-03
356, 5.997667081241873e-02, -3.816999333835450e-02, 1.012796240311325e+00, 8.123056138466932e-01, 1.345991659818146e-03
357, 5.740985659663589e-02, -3.748413424723367e-02, 1.013032972976279e+00, 8.273362232237175e-01, 1.300211150740160e-03
358, 5.493000569505260e-02, -3.679903989277603e-02, 1.013266442246533e+00, 8.421596334337603e-01, 1.255614562489256e-03
359, 5.253491496401699e-02, -3.611509603963944e-02, 1.013495978190357e+00, 8.567333092307616e-01, 1.212164382413639e-03
360, 5.022241269090757e-02, -3.543266689255811e-02, 1.013720857966838e+00, 8.710113560635871e-01, 1.169019425369363e-03
361, 4.799035594034239e-02, -3.475209710972450e-02, 1.013940298688282e+00, 8.849440668962139e-01, 1.125362106815984e-03
362, 4.583663031323112e-02, -3.407371339454954e-02, 1.014153455840060e+00, 8.984778218806193e-01, 1.080510881541747e-03
363, 4.375915307868891e-02, -3.339782492585255e-02, 1.014359422281976e+00, 9.115550249518921e-01, 1.033813019372139e-03
364, 4.175587666437301e-02, -3.272472343659386e-02, 1.014557222779114e+00, 9.241137565812323e-01, 9.844338057498050e-04
365, 3.982478786745394e-02, -3.205468485255335e-02, 1.014745810795421e+00, 9.360875701943984e-01, 9.317891827925699e-04
366, 3.796391187205995e-02, -3.138796897436771e-02, 1.014924064322635e+00, 9.474052273421674e-01, 8.751100117255023e-04
367, 3.617131196629707e-02, -3.072482080198838e-02, 1.015090779183102e+00, 9.579902724837356e-01, 8.134828276609391e-04
368, 3.444508613221498e-02, -3.006547322461565e-02, 1.015244659519641e+00, 9.677604291698226e-01, 7.460088102915092e-04
369, 3.278336293847259e-02, -2.941015003402116e-02, 1.015384333252377e+00, 9.766285814267205e-01, 6.732758692764654e-04
370, 3.118433505755526e-02, -2.875905263829194e-02, 1.015508320217948e+00, 9.845007508533460e-01, 5.923816355424523e-04
371, 2.964620379885614e-02, -2.811238465852158e-02, 1.015615050435788e+00, 9.912772563828655e-01, 5.046715454068942e-04
372, 2.816723852735188e-02, -2.747032780714164e-02, 1.015702844992517e+00, 9.968515005957563e-01, 4.075108243091977e-04
373, 2.674571619361430e-02, -2.683306811876611e-02, 1.015769932689588e+00, 1.001111026710864e+00, 3.021038128776279e-04
374, 2.537999933038067e-02, -2.620076435790242e-02, 1.015814419052508e+00, 1.003935550921718e+00, 1.856263317837298e-04
375, 2.406843395287114e-02, -2.557359101259573e-02, 1.015834310677649e+00, 1.005198508221776e+00, 5.888236443843421e-05
376, 2.280943840223927e-02, -2.495170224279449e-02, 1.015827451522836e+00, 1.004763007372463e+00, 7.947473654435473e-05
377, 2.160147523998461e-02, -2.433524454266298e-02, 1.015791756884664e+00, 1.002496686569925e+00, 2.301813560543257e-04
378, 2.044303684999827e-02, -2.372436301259453e-02, 1.015724885619532e+00, 9.982509021322620e-01, 3.938690660040506e-04
379, 1.933264577364453e-02, -2.311920147574102e-02, 1.015624430789086e+00, 9.918728329429194e-01, 5.712374635930646e-04
380, 1.826885694347390e-02, -2.251990184115951e-02, 1.015487901841824e+00, 9.832043491265829e-01, 7.636977565192187e-04
381, 1.725027025628878e-02, -2.192659997446520e-02, 1.015312725744924e+00, 9.720820839114497e-01, 9.716531218968469e-04
382, 1.627551728550267e-02, -2.133943095109168e-02, 1.015096269187798e+00, 9.583388433751771e-01, 1.195639202966868e-03
383, 1.534325775873743e-02, -2.075853028794174e-02, 1.014835841690092e+00, 9.418038037776345e-01, 1.438881331691898e-03
384, 1.445220176924677e-02, -2.018402699144572e-02, 1.014528708339792e+00, 9.223033203276519e-01, 1.702233998659707e-03
385, 1.360109734828220e-02, -1.961604856802020e-02, 1.014172147095848e+00, 8.996645654360983e-01, 1.985548777918589e-03
386, 1.278871775324965e-02, -1.905472534824819e-02, 1.013763493022472e+00, 8.737183372363618e-01, 2.284006765116643e-03
387, 1.201383492936366e-02, -1.850019750455055e-02, 1.013300246570691e+00, 8.443059345864550e-01, 2.585305266850389e-03
388, 1.127516040522520e-02, -1.795262732939143e-02, 1.012779445548107e+00, 8.112392822293375e-01, 2.982489291698870e-03
389, 1.057172276859147e-02, -1.741205084973305e-02, 1.012198926657744e+00, 7.743810283051562e-01, 3.276675941280603e-03
390, 9.902279364297219e-03, -1.687881144823647e-02, 1.011556713251568e+00, 7.336056716521706e-01, 3.725119819074617e-03
391, 9.265720030004429e-03, -1.635282692380361e-02, 1.010849822614782e+00, 6.887238340068540e-01, 4.116455449746948e-03
392, 8.660977828664375e-03, -1.583432528077909e-02, 1.010077535073576e+00, 6.396898219035810e-01, 4.547450058473966e-03
393, 8.087034422403421e-03, -1.532350104602352e-02, 1.009237876937401e+00, 5.863783219568408e-01, 5.012618110614471e-03
394, 7.542786566780755e-03, -1.482043018931576e-02, 1.008329764992675e+00, 5.287205588660702e-01, 5.496050674212395e-03
395, 7.027177577651100e-03, -1.432522322354492e-02, 1.007352561116846e+00, 4.666760170105890e-01, 5.994104801374354e-03
396, 6.539262456987240e-03, -1.383809857154541e-02, 1.006306110516705e+00, 4.002348682738260e-01, 6.521665844898846e-03
397, 6.078034139912997e-03, -1.335918210541679e-02, 1.005190620644876e+00, 3.294102842193213e-01, 7.069506753959714e-03
398, 5.642485232227896e-03, -1.288858025335979e-02, 1.004006927020670e+00, 2.542553135651330e-01, 7.634492087176039e-03
399, 5.231634423510750e-03, -1.242640962292680e-02, 1.002756364820693e+00, 1.748547292259911e-01, 8.216431749084560e-03
400, 4.844550253733529e-03, -1.197282395717829e-02, 1.001440955351737e+00, 9.133686783351348e-02, 8.816165353103943e-03
401, 4.480308044542031e-03, -1.152796344110479e-02, 1.000063274792845e+00, 3.865295919119926e-03, 9.429335466754951e-03
402, 4.137967064851503e-03, -1.109192723922540e-02, 9.986265010749349e-01, -8.735821360908180e-02, 1.005343620114937e-02
403, 3.816605685198119e-03, -1.066481302385918e-02, 9.971343001087896e-01, -1.821009050686289e-01, 1.068660416521232e-02
404, 3.515319859016383e-03, -1.024671366603845e-02, 9.955908509906973e-01, -2.800974396484628e-01, 1.132665872302937e-02
405, 3.233221989185779e-03, -9.837714251156563e-03, 9.940008841810828e-01, -3.810474713746584e-01, 1.197163869112510e-02
406, 2.969441608219366e-03, -9.437891076923983e-03, 9.923695287778955e-01, -4.846253440148929e-01, 1.262008059276746e-02
407, 2.723127129452248e-03, -9.047311767927307e-03, 9.907023560386061e-01, -5.904773277837335e-01, 1.326546129549686e-02
408, 2.493434235242850e-03, -8.666019672232862e-03, 9.890052019077078e-01, -6.982328874107708e-01, 1.390728845311351e-02
409, 2.279535711806591e-03, -8.294043467435395e-03, 9.872840211098225e-01, -8.075139460481920e-01, 1.454364261618208e-02
410, 2.080623294218198e-03, -7.931397465598025e-03, 9.855448801700402e-01, -9.179353284227809e-01, 1.517217855119582e-02
411, 1.895908407931382e-03, -7.578080750735221e-03, 9.837938718382481e-01, -1.029110194198814e+00, 1.579073756841160e-02
412, 1.724623063799526e-03, -7.234076671312168e-03, 9.820370352882469e-01, -1.140655104688708e+00, 1.639743443593253e-02
413, 1.566020840286078e-03, -6.899352653490984e-03, 9.802802719005443e-01, -1.252195369964427e+00, 1.699067394679137e-02
414, 1.419377890588801e-03, -6.573860295648914e-03, 9.785292749791668e-01, -1.363369511271434e+00, 1.756914462113580e-02
415, 1.283993919773275e-03, -6.257535702977713e-03, 9.767894558435712e-01, -1.473833953594472e+00, 1.813183102273963e-02
416, 1.159193085740397e-03, -5.950300022223502e-03, 9.750658599900974e-01, -1.583268348727225e+00, 1.867800246245245e-02
417, 1.044324788152457e-03, -5.652060139276351e-03, 9.733631672822334e-01, -1.691375563191978e+00, 1.920681368393859e-02
507, 1.057172276902834e-02, 1.741205085007479e-02, 9.232591186436534e-01, -4.872577377651062e+00, 1.993131615130966e-02
508, 1.127516040568753e-02, 1.795262732974055e-02, 9.244825065698200e-01, -4.794902139895687e+00, 1.981377249745196e-02
509, 1.201383492985603e-02, 1.850019750490916e-02, 9.257300268730833e-01, -4.715694691393018e+00, 1.898097283219838e-02
510, 1.278871775377472e-02, 1.905472534861731e-02, 9.269920300467714e-01, -4.635567697765228e+00, 1.861560069939873e-02
511, 1.360109734883637e-02, 1.961604856839646e-02, 9.282608725284952e-01, -4.555006463397945e+00, 1.813423667253341e-02
512, 1.445220176983436e-02, 2.018402699183120e-02, 9.295400663765085e-01, -4.473788000999847e+00, 1.763616617921117e-02
513, 1.534325775936110e-02, 2.075853028833716e-02, 9.308232898795654e-01, -4.392313688100954e+00, 1.715578244740448e-02
514, 1.627551728615825e-02, 2.133943095149343e-02, 9.321057795031030e-01, -4.310885970615439e+00, 1.669461326632797e-02
515, 1.725027025698260e-02, 2.192659997487625e-02, 9.333838359787673e-01, -4.229739722161701e+00, 1.625968631320357e-02
516, 1.826885694420899e-02, 2.251990184158066e-02, 9.346552457060764e-01, -4.149015488465300e+00, 1.582864074904045e-02
517, 1.933264577441464e-02, 2.311920147616782e-02, 9.359179366154841e-01, -4.068844829182175e+00, 1.540680363052557e-02
518, 2.044303685080849e-02, 2.372436301302896e-02, 9.371696398068858e-01, -3.989371801116625e+00, 1.500617369767292e-02
519, 2.160147524083973e-02, 2.433524454310660e-02, 9.384087565948452e-01, -3.910697907862659e+00, 1.461593090471231e-02
520, 2.280943840314228e-02, 2.495170224324787e-02, 9.396338088879079e-01, -3.832916996271864e+00, 1.423554665272417e-02
521, 2.406843395381751e-02, 2.557359101305567e-02, 9.408431417918605e-01, -3.756134138740934e+00, 1.386281113685998e-02
522, 2.537999933138110e-02, 2.620076435837319e-02, 9.420351341186540e-01, -3.680452267597746e+00, 1.350499776403757e-02
523, 2.674571619466229e-02, 2.683306811924357e-02, 9.432084767141131e-01, -3.605954503543157e+00, 1.318212516582541e-02
524, 2.816723852845177e-02, 2.747032780762686e-02, 9.443633480286345e-01, -3.532629516420392e+00, 1.283295359377037e-02
525, 2.964620380001335e-02, 2.811238465901601e-02, 9.454984412562977e-01, -3.460560277835114e+00, 1.252760604997667e-02
526, 3.118433505877037e-02, 2.875905263879470e-02, 9.466133375385024e-01, -3.389773381920431e+00, 1.221228851956708e-02
527, 3.278336293974583e-02, 2.941015003453141e-02, 9.477076037450674e-01, -3.320296328939422e+00, 1.192565253387971e-02
528, 3.444508613354828e-02, 3.006547322513315e-02, 9.487811039901406e-01, -3.252137746544551e+00, 1.163203978824066e-02
418, 9.387642339456028e-04, -5.362709417282891e-03, 9.716856744882719e-01, -1.797882786957188e+00, 1.971346564334628e-02
419, 8.419102618275123e-04, -5.082125936200745e-03, 9.700371073683474e-01, -1.902553464390696e+00, 2.020262777451791e-02
420, 7.531893324873004e-04, -4.810177416320721e-03, 9.684206767667891e-01, -2.005183732848978e+00, 2.067563366753754e-02
421, 6.720561016244835e-04, -4.546722566261709e-03, 9.668393059456706e-01, -2.105587988835616e+00, 2.113121343945163e-02
422, 5.979922705308415e-04, -4.291610919447992e-03, 9.652955558482579e-01, -2.203603633167783e+00, 2.156956087871317e-02
423, 5.305064119876632e-04, -4.044683869816736e-03, 9.637916750096912e-01, -2.299087902051691e+00, 2.197938741637465e-02
424, 4.691284473891598e-04, -3.805771251873249e-03, 9.623291471033332e-01, -2.391946594229727e+00, 2.237418150349540e-02
425, 4.134154004111182e-04, -3.574698169300816e-03, 9.609088574616697e-01, -2.482123498250182e+00, 2.276345529581919e-02
426, 3.629542982496032e-04, -3.351288627283692e-03, 9.595319596853085e-01, -2.569545369805530e+00, 2.312229416664999e-02
427, 3.173510640383810e-04, -3.135357970257654e-03, 9.581991135263117e-01, -2.654170319976333e+00, 2.346623588343301e-02
428, 2.762360161117116e-04, -2.926719015761365e-03, 9.569102140855043e-01, -2.736005009011718e+00, 2.380433478769032e-02
429, 2.392659235398893e-04, -2.725184961816360e-03, 9.556654971256531e-01, -2.815034467882983e+00, 2.411207003011086e-02
430, 2.061140379432596e-04, -2.530563704670638e-03, 9.544645852976693e-01, -2.891282655205029e+00, 2.441879333947188e-02
431, 1.764793639977862e-04, -2.342665719362296e-03, 9.533069266005527e-01, -2.964784618576427e+00, 2.470479812050102e-02
432, 1.500786146402364e-04, -2.161299885350869e-03, 9.521920600579490e-01, -3.035569626267000e+00, 2.497607513275310e-02
433, 1.266473089041019e-04, -1.986275740628042e-03, 9.511190031585492e-01, -3.103700059797671e+00, 2.523923221585312e-02
434, 1.059404071169586e-04, -1.817404790540973e-03, 9.500868267836660e-01, -3.169234910689784e+00, 2.548981942739113e-02
435, 8.772979762156851e-05, -1.654500126843181e-03, 9.490946352943229e-01, -3.232231044773818e+00, 2.572774702968033e-02
436, 7.180327325045228e-05, -1.497376923399532e-03, 9.481412705017865e-01, -3.292761997666173e+00, 2.595520856789322e-02
437, 5.796399682280821e-05, -1.345853031989171e-03, 9.472255273521171e-01, -3.350904280544763e+00, 2.617216021782560e-02
438, 4.602934243016830e-05, -1.199749231519626e-03, 9.463461115766424e-01, -3.406740069001384e+00, 2.638309401107676e-02
439, 3.583108966970120e-05, -1.058889848853114e-03, 9.455018101607482e-01, -3.460346379652393e+00, 2.658161969520113e-02
440, 2.721275945542452e-05, -9.231024271926752e-04, 9.446913548429071e-01, -3.511803736846256e+00, 2.677405976993314e-02
441, 2.003030320299912e-05, -7.922183892494802e-04, 9.439134570568574e-01, -3.561193954117833e+00, 2.695886268240873e-02
442, 1.415062741370833e-05, -6.660729881085809e-04, 9.431669875147551e-01, -3.608588732110795e+00, 2.713843586004058e-02
443, 9.451107023460083e-06, -5.445054958914922e-04, 9.424508684432410e-01, -3.654056500715734e+00, 2.731382897681060e-02
444, 5.818606343871792e-06, -4.273592490875973e-04, 9.417638652167191e-01, -3.697675648671534e+00, 2.748674661425294e-02
445, 3.149101585266168e-06, -3.144817624676511e-04, 9.411039664614972e-01, -3.739573881938349e+00, 2.764883813626979e-02
446, 1.346916910158632e-06, -2.057247436933548e-04, 9.404677833290943e-01, -3.779966364983522e+00, 2.777341713056561e-02
447, 3.241215746620715e-07, -1.009441126185810e-04, 9.398543694628410e-01, -3.818913183800813e+00, 2.782308610702875e-02
448, 0.000000000000000e+00, 0.000000000000000e+00, 9.392742244427376e-01, -3.855747699987619e+00, 2.785918896469022e-02
449, 3.241215746706279e-07, 1.009441126199133e-04, 9.386860458130533e-01, -3.893092285401761e+00, 2.797771817861614e-02
450, 1.346916910196437e-06, 2.057247436962412e-04, 9.380701292598242e-01, -3.932198004598649e+00, 2.812453446783658e-02
451, 3.149101585413015e-06, 3.144817624749771e-04, 9.374343788884837e-01, -3.972563010816816e+00, 2.825059847153814e-02
452, 5.818606344095651e-06, 4.273592490958099e-04, 9.367787805366247e-01, -4.014188203254546e+00, 2.837015709514781e-02
453, 9.451107023876604e-06, 5.445054959034754e-04, 9.361037446061770e-01, -4.057047524708898e+00, 2.849288960343285e-02
454, 1.415062741423695e-05, 6.660729881210042e-04, 9.354087198125043e-01, -4.101175977295124e+00, 2.862294733657886e-02
455, 2.003030320363957e-05, 7.922183892621205e-04, 9.346933273825416e-01, -4.146597610039092e+00, 2.875864533509436e-02
456, 2.721275945665566e-05, 9.231024272135111e-04, 9.339573411760750e-01, -4.193326781015222e+00, 2.889944013199279e-02
457, 3.583108967112921e-05, 1.058889848874160e-03, 9.332007657431113e-01, -4.241363201334877e+00, 2.904265179281890e-02
458, 4.602934243205956e-05, 1.199749231544200e-03, 9.324238011810826e-01, -4.290694166429640e+00, 2.918956665101451e-02
459, 5.796399682508322e-05, 1.345853032015496e-03, 9.316269132169324e-01, -4.341290106405703e+00, 2.933280705413015e-02
460, 7.180327325368544e-05, 1.497376923433127e-03, 9.308106847002843e-01, -4.393114015026429e+00, 2.947917364732224e-02
461, 8.772979762521226e-05, 1.654500126877404e-03, 9.299758746312642e-01, -4.446117701923110e+00, 2.962352375899342e-02
462, 1.059404071207287e-04, 1.817404790573171e-03, 9.291235630313384e-01, -4.500232594468557e+00, 2.976591443422608e-02
463, 1.266473089088708e-04, 1.986275740665263e-03, 9.282548925954646e-01, -4.555386140775807e+00, 2.990382617932591e-02
464, 1.500786146456709e-04, 2.161299885389794e-03, 9.273712991770184e-01, -4.611487175769625e+00, 3.003723860630726e-02
465, 1.764793640047063e-04, 2.342665719407961e-03, 9.264743593513928e-01, -4.668435599664933e+00, 3.017132617519863e-02
466, 2.061140379509089e-04, 2.530563704717311e-03, 9.255660623964678e-01, -4.726105109406911e+00, 3.029812379267403e-02
467, 2.392659235498237e-04, 2.725184961872555e-03, 9.246488733721956e-01, -4.784339193627600e+00, 3.040981674008737e-02
468, 2.762360161229505e-04, 2.926719015820480e-03, 9.237250581544147e-01, -4.842993987539133e+00, 3.053088261939233e-02
469, 3.173510640514308e-04, 3.135357970321619e-03, 9.227975968927764e-01, -4.901880275744047e+00, 3.062395453341615e-02
470, 3.629542982647611e-04, 3.351288627353108e-03, 9.218697091662874e-01, -4.960793641017451e+00, 3.071986650356235e-02
471, 4.134154004279223e-04, 3.574698169372824e-03, 9.209446372941599e-01, -5.019528222315363e+00, 3.080666240489554e-02
472, 4.691284474090552e-04, 3.805771251953191e-03, 9.200265892477327e-01, -5.077816847494564e+00, 3.086290237910815e-02
473, 5.305064120096111e-04, 4.044683869899583e-03, 9.191194961370509e-01, -5.135409922864573e+00, 3.092117505589990e-02
474, 5.979922705545607e-04, 4.291610919532202e-03, 9.182276631152820e-01, -5.192034106022121e+00, 3.096807786661156e-02
475, 6.720561016524731e-04, 4.546722566355318e-03, 9.173564742004425e-01, -5.247347555372602e+00, 3.098424417717469e-02
476, 7.531893325176259e-04, 4.810177416416397e-03, 9.165109078085678e-01, -5.301034181766426e+00, 3.098422151169404e-02
477, 8.419102618633244e-04, 5.082125936307473e-03, 9.156958522297820e-01, -5.352783618320380e+00, 3.096662953244269e-02
478, 9.387642339850246e-04, 5.362709417394002e-03, 9.149166865217457e-01, -5.402254338382325e+00, 3.093149833220320e-02
479, 1.044324788196640e-03, 5.652060139394238e-03, 9.141791452126773e-01, -5.449082245794989e+00, 3.087526542705446e-02
480, 1.159193085789885e-03, 5.950300022348630e-03, 9.134892679591381e-01, -5.492883871219388e+00, 3.078956007614194e-02
481, 1.283993919829245e-03, 6.257535703111957e-03, 9.128527761072597e-01, -5.533295955454133e+00, 3.067996089886749e-02
482, 1.419377890650849e-03, 6.573860295790221e-03, 9.122750888737974e-01, -5.569974422069405e+00, 3.054551406992379e-02
483, 1.566020840352297e-03, 6.899352653634311e-03, 9.117615680883346e-01, -5.602578838256616e+00, 3.038494349224300e-02
484, 1.724623063873454e-03, 7.234076671464374e-03, 9.113173168455154e-01, -5.630785198783019e+00, 3.019731152265184e-02
485, 1.895908408013832e-03, 7.578080750896827e-03, 9.109471068839979e-01, -5.654290536840739e+00, 2.998213664897031e-02
486, 2.080623294307195e-03, 7.931397465764227e-03, 9.106552409222167e-01, -5.672821664612363e+00, 2.973924350935837e-02
487, 2.279535711904775e-03, 8.294043467610231e-03, 9.104455004166423e-01, -5.686138490198893e+00, 2.946866643474226e-02
488, 2.493434235350970e-03, 8.666019672416576e-03, 9.103211416134460e-01, -5.694034268307078e+00, 2.917089964290758e-02
489, 2.723127129568278e-03, 9.047311768115573e-03, 9.102847354175317e-01, -5.696345767270674e+00, 2.884689159706973e-02
490, 2.969441608345475e-03, 9.437891077119516e-03, 9.103381092194874e-01, -5.692956962568467e+00, 2.849690600181357e-02
491, 3.233221989326191e-03, 9.837714251364734e-03, 9.104822297863706e-01, -5.683806472312145e+00, 2.811750269354079e-02
492, 3.515319859166580e-03, 1.024671366625151e-02, 9.107170987864511e-01, -5.668894190580064e+00, 2.771766162835201e-02
493, 3.816605685361517e-03, 1.066481302408110e-02, 9.110420080674672e-01, -5.648265079312859e+00, 2.729629921918100e-02
494, 4.137967065029325e-03, 1.109192723945677e-02, 9.114557698015436e-01, -5.621994555972669e+00, 2.685406184542812e-02
495, 4.480308044734702e-03, 1.152796344134511e-02, 9.119564805750389e-01, -5.590203471929697e+00, 2.639242063119692e-02
496, 4.844550253940727e-03, 1.197282395742617e-02, 9.125413869983305e-01, -5.553066645153756e+00, 2.591218465863595e-02
497, 5.231634423732365e-03, 1.242640962318125e-02, 9.132070554058095e-01, -5.510802085637311e+00, 2.541598543473415e-02
498, 5.642485232466586e-03, 1.288858025362295e-02, 9.139492930053874e-01, -5.463676001763943e+00, 2.491238509242524e-02
499, 6.078034140171097e-03, 1.335918210569018e-02, 9.147636970149690e-01, -5.411967934584145e+00, 2.439643332584559e-02
500, 6.539262457263904e-03, 1.383809857182712e-02, 9.156457418432831e-01, -5.355965222537707e+00, 2.386564712009996e-02
501, 7.027177577948056e-03, 1.432522322383570e-02, 9.165900141761989e-01, -5.296011567285538e+00, 2.332596727574600e-02
502, 7.542786567097986e-03, 1.482043018961466e-02, 9.175905955117990e-01, -5.232482745826706e+00, 2.281121655086029e-02
503, 8.087034422743753e-03, 1.532350104633223e-02, 9.186425458877205e-01, -5.165692405813629e+00, 2.226835734284466e-02
504, 8.660977829023099e-03, 1.583432528109248e-02, 9.197411801163057e-01, -5.095938018765738e+00, 2.170354494334748e-02
505, 9.265720030388613e-03, 1.635282692412696e-02, 9.208797358745375e-01, -5.023648937496542e+00, 2.118326441549233e-02
506, 9.902279364710420e-03, 1.687881144857173e-02, 9.220518576184914e-01, -4.949228687637495e+00, 2.076492087406410e-02
